<?xml version="1.0" encoding="utf-8"?><feed xmlns="http://www.w3.org/2005/Atom" ><generator uri="https://jekyllrb.com/" version="4.2.1">Jekyll</generator><link href="http://localhost:8050/feed.xml" rel="self" type="application/atom+xml" /><link href="http://localhost:8050/" rel="alternate" type="text/html" /><updated>2022-02-23T18:22:36+01:00</updated><id>http://localhost:8050/feed.xml</id><entry><title type="html">Hola món</title><link href="http://localhost:8050/ess/2022/01/10/hola-m%C3%B3n.html" rel="alternate" type="text/html" title="Hola món" /><published>2022-01-10T00:00:00+01:00</published><updated>2022-01-10T00:00:00+01:00</updated><id>http://localhost:8050/ess/2022/01/10/hola%20m%C3%B3n</id><content type="html" xml:base="http://localhost:8050/ess/2022/01/10/hola-m%C3%B3n.html"><![CDATA[<p>Benvingudes al blog de Còdec.</p>]]></content><author><name>lucas</name></author><category term="ess" /><summary type="html"><![CDATA[Benvingudes al blog de Còdec.]]></summary></entry></feed>